wavs/clip_0001.wav|Thanks so much for taking the time to talk with me today.
wavs/clip_0002.wav|I've been looking forward to this conversation all week.
wavs/clip_0003.wav|Let me start by telling you a little bit about myself.
wavs/clip_0004.wav|I grew up in a small town near the coast, surrounded by water.
wavs/clip_0005.wav|My favorite part of the day is the quiet hour just after sunrise.
wavs/clip_0006.wav|Could you say a bit more about what you have in mind?
wavs/clip_0007.wav|That's a really thoughtful question, and I want to answer it well.
wavs/clip_0008.wav|We can take this one step at a time, there's no rush at all.
wavs/clip_0009.wav|Honestly, that made me smile more than I expected it to.
wavs/clip_0010.wav|I think the most important thing is just to keep listening.
